{"0": {"losses": [2.1584780465302247, 0.4032544290696567, 0.3225818090373254, 0.28134436361910065, 0.25079576401076936, 0.22446641826529903, 0.20230120062506882, 0.18596161235497882, 0.17226360057878412, 0.15925079278047796], "accuracies": [0.8121276595744681, 0.8618617021276596, 0.8746276595744681, 0.8745744680851064, 0.8772872340425532, 0.8776063829787234, 0.8784042553191489, 0.8729255319148936, 0.8708510638297873, 0.8706382978723404]}, "1": {"losses": [3.2379163369426522, 0.6753173762012191, 0.4480012141958395, 0.38848725181882243, 0.3551448230682891, 0.3317327693409022, 0.3138210415730271, 0.29857369507248266, 0.2855447151159875, 0.27351976110812826], "accuracies": [0.5174468085106383, 0.8151063829787234, 0.8479787234042553, 0.8567553191489362, 0.8567553191489362, 0.8639361702127659, 0.8661702127659574, 0.8687765957446808, 0.8695744680851064, 0.8718085106382979]}, "2": {"losses": [3.4996467234394597, 2.4908823039270707, 1.919848016156301, 1.57109723108706, 1.263918467935215, 1.0931180527246749, 0.9983598696394395, 0.9382824136733467, 0.8934333446988718, 0.8575735779830967], "accuracies": [0.18601063829787234, 0.3002127659574468, 0.4245212765957447, 0.5526063829787234, 0.6875, 0.7215957446808511, 0.736968085106383, 0.7325531914893617, 0.7586170212765957, 0.7581382978723404]}, "3": {"losses": [3.6083595230710555, 3.043250180345601, 2.7680640846778233, 2.538930739858782, 2.4044789948114533, 2.31789053703531, 2.2553463011929344, 2.21142887365933, 2.1742216477797105, 2.1400348165125855], "accuracies": [0.11313829787234042, 0.19069148936170213, 0.25329787234042556, 0.2892021276595745, 0.3071808510638298, 0.3498936170212766, 0.3815425531914894, 0.3414893617021277, 0.3913829787234043, 0.40925531914893615]}, "4": {"losses": [1.3562380096754159, 0.3588406806447191, 0.2989697540585655, 0.2637197722639134, 0.23502623962193, 0.21088551715337547, 0.19269658282602029, 0.17872273680657336, 0.165611988038112, 0.1525324886581283], "accuracies": [0.8392021276595745, 0.8687765957446808, 0.8782978723404256, 0.8808510638297873, 0.8804255319148936, 0.876968085106383, 0.8763829787234042, 0.8730851063829788, 0.8736702127659575, 0.8719148936170212]}, "5": {"losses": [2.6518754369821727, 0.5530003876981584, 0.42463138129855854, 0.3754899335419733, 0.346609021189939, 0.32512548775055566, 0.3088851984605083, 0.2948764139576115, 0.28311041777639717, 0.272060492966098], "accuracies": [0.658031914893617, 0.8204255319148936, 0.8446808510638298, 0.8554787234042553, 0.8621808510638298, 0.8644148936170213, 0.8663829787234043, 0.8687234042553191, 0.8687234042553191, 0.8713297872340425]}, "6": {"losses": [3.306696521241896, 2.158290204512282, 1.6185582211527443, 1.2332398729505556, 1.0662587694802612, 0.9728193627929255, 0.9166160725052899, 0.8764828414789871, 0.8426360404768656, 0.824514680282676], "accuracies": [0.2977659574468085, 0.4652127659574468, 0.6249468085106383, 0.7131914893617022, 0.7259574468085106, 0.7417021276595744, 0.7676063829787234, 0.768936170212766, 0.7662234042553191, 0.7755319148936171]}, "7": {"losses": [3.522455522030913, 2.8777313044445796, 2.5622363672023867, 2.399648958285695, 2.302600917529465, 2.2400854176847487, 2.1912062089009106, 2.1443644819513885, 2.1088798599221525, 2.084124046702718], "accuracies": [0.14936170212765956, 0.21909574468085105, 0.3001595744680851, 0.3449468085106383, 0.34702127659574467, 0.3898936170212766, 0.4085106382978723, 0.4273936170212766, 0.4426063829787234, 0.4321276595744681]}, "8": {"losses": [3.8499802220496546, 3.847729426788053, 2.9623977320476884, 0.7833631381147367, 0.529644793946501, 0.4475181741228985, 0.4001402361144143, 0.36687566260519316, 0.3416105948612559, 0.3208709940846779], "accuracies": [0.0225531914893617, 0.027659574468085105, 0.6048936170212766, 0.7785106382978724, 0.8151063829787234, 0.8383510638297872, 0.8452127659574468, 0.8503723404255319, 0.8555851063829787, 0.8577659574468085]}, "9": {"losses": [3.850192566588732, 3.8493574536529644, 3.844806970146253, 3.722107521188036, 3.2152212754745615, 2.007024140332277, 1.0360813933850959, 0.699563193595078, 0.5760767693656179, 0.5091543734597673], "accuracies": [0.02127659574468085, 0.026595744680851064, 0.021595744680851063, 0.06579787234042553, 0.2509574468085106, 0.5501063829787234, 0.6734574468085106, 0.7528191489361702, 0.800372340425532, 0.8204787234042553]}, "10": {"losses": [3.848705915314733, 3.8301194725696566, 3.6760646347558708, 3.5664638487101277, 3.481024702097027, 3.2913567004255184, 3.043739518859612, 2.8481061446416533, 2.669911562821707, 2.488511518869492], "accuracies": [0.02622340425531915, 0.03765957446808511, 0.051702127659574465, 0.06335106382978724, 0.08558510638297873, 0.1378191489361702, 0.19382978723404257, 0.22803191489361702, 0.2721808510638298, 0.32595744680851063]}, "11": {"losses": [3.8455181660059834, 3.827498713205027, 3.7877952089650484, 3.6863593051735135, 3.593453559020806, 3.553683823505992, 3.5115348459710063, 3.445945524587864, 3.3568045621018348, 3.2491703687982674], "accuracies": [0.021382978723404257, 0.025904255319148937, 0.04978723404255319, 0.058882978723404256, 0.06430851063829787, 0.07670212765957447, 0.09781914893617022, 0.1174468085106383, 0.1348404255319149, 0.15856382978723405]}, "12": {"losses": [2.0983172918474953, 0.3858899304804921, 0.31163144917546926, 0.27348765514905116, 0.24500148179209238, 0.2206552431866383, 0.20207281377941996, 0.18557907590009715, 0.17183872692865942, 0.1588636579280439], "accuracies": [0.8295744680851064, 0.8645744680851064, 0.8788297872340426, 0.8798404255319149, 0.8816489361702128, 0.8760638297872341, 0.8741489361702127, 0.8736702127659575, 0.8689361702127659, 0.8745744680851064]}, "13": {"losses": [3.1298017488983767, 0.6035526610120615, 0.42153433318578987, 0.36795325899709036, 0.3372493629859918, 0.3145301477033782, 0.29741767219146814, 0.28328395882115337, 0.27097012329544456, 0.26015134036574794], "accuracies": [0.5416489361702128, 0.8033510638297873, 0.8415957446808511, 0.857872340425532, 0.8693617021276596, 0.8740425531914894, 0.876436170212766, 0.8788297872340426, 0.8787234042553191, 0.876968085106383]}, "14": {"losses": [3.3195057184400034, 2.1041232526674234, 1.5499666948177837, 1.1906116232571788, 1.022714808760755, 0.9450675173537405, 0.8926268098912858, 0.8541592594851031, 0.8231703422317029, 0.8037656516732645], "accuracies": [0.265531914893617, 0.47808510638297874, 0.6097872340425532, 0.6921808510638298, 0.7510106382978723, 0.7446808510638298, 0.7609574468085106, 0.7755319148936171, 0.7731382978723405, 0.7929787234042553]}, "15": {"losses": [3.514562931780239, 2.9013537316584683, 2.578149060937943, 2.3981515272598135, 2.289955557981676, 2.2082594048212822, 2.149378683982217, 2.106480150890837, 2.065931065002762, 2.033986020074672], "accuracies": [0.16069148936170213, 0.1950531914893617, 0.2742553191489362, 0.3384042553191489, 0.3794148936170213, 0.40335106382978725, 0.4242021276595745, 0.43377659574468086, 0.42861702127659573, 0.4454787234042553]}}